2019-05-26,Samsung jg gpp om
2019-05-26,So basically he's a Samsung or iPhone XD epic. Oooh it's this show I used to watch as a kid of Banana twins and teddies I had the videos too. Was so cute you should search on YouTube
2019-05-26,So basically he's a Samsung or iPhone XD epic. Oooh it's this show I used to watch as a kid of Banana twins and teddies I had the videos too. Was so cute you should search on YouTube
2019-05-26,The newest Samsung Galaxy that just came out don't have a home button but that mf cost way more than $15 so i wouldn't be using it like this one i be passing this phone around to strangers teaching em shit i wouldnt pass an iPhone around or Samsung Galaxy $15 aint shit to replace
2019-05-26,Here's Samsung's page about your watch. It does have a disclaimer for "diving and high pressure water activities" https://www.samsung.com/global/galaxy/events/galaxy-virtual-studio/wearables/gear-sport/5atm/ …
2019-05-26,Kardeşimin telefonunda da böyle bir ekran sorunu oldu ve bilgi için Ankarada ki bir Samsung yetkili satıcısına gittim. Bana da aynısını söylediker ama anda yanımda bulunan Samsung kullanan arkadaşım “bu yazılımlar telefona ön yüklü geliyor” dedi ve o arkadaşta mavi ekran belirdi.
2019-05-26,the lil automated voice that tells me where i get notifs from in my samsung gear circle is so weird but so cute
2019-05-26,http://rover.ebay.com/rover/1/711-53200-19255-0/1?ff3=2&toolid=10039&campid=5337720217&item=303275502230&vectorid=229466 … Samsung Tab S3 SM-T827V 32GB Black (Verizon) #AndroidTablet (FR823) Price: $252.01 Ends on : 2019-10-05 23:04:14 View and Buy on ...pic.twitter.com/tsd6xT8R8u
2019-05-26,não conseguia comprar a porra do xiaomi de jeito nenhum, comprei um A30 da Samsung, tá bom, sendo bom com a câmera maneirinha ja tá bom, bgl era ter 64gigas, me presenteei rs
2019-05-26,não conseguia comprar a porra do xiaomi de jeito nenhum, comprei um A30 da Samsung, tá bom, sendo bom com a câmera maneirinha ja tá bom, bgl era ter 64gigas, me presenteei rs
2019-05-26,Sweetie I wasn’t even using a Samsung when they paid me to say I loved Samsung’s https://twitter.com/olumoseninyengn/status/1172950389404131330 …
2019-05-26,Sweetie I wasn’t even using a Samsung when they paid me to say I loved Samsung’s https://twitter.com/olumoseninyengn/status/1172950389404131330 …
2019-05-26,Sweetie I wasn’t even using a Samsung when they paid me to say I loved Samsung’s https://twitter.com/olumoseninyengn/status/1172950389404131330 …