12/07/2015,Sample tweet
12/07/2015,Sample tweet
12/07/2015,Sample tweet
12/07/2015,Sample tweet
12/07/2015,Sample tweet
12/07/2015,Sample tweet
12/13/2015,Sample tweet
12/14/2015,Sample tweet
12/15/2015,Sample tweet
12/16/2015,Sample tweet
12/17/2015,Sample tweet
12/18/2015,Sample tweet
12/19/2015,Sample tweet
12/20/2015,Sample tweet
12/21/2015,Sample tweet
12/22/2015,Sample tweet
12/23/2015,Sample tweet
12/24/2015,Sample tweet
12/25/2015,Sample tweet
12/26/2015,Sample tweet
12/27/2015,Sample tweet
12/28/2015,Sample tweet
12/29/2015,Sample tweet
12/30/2015,Sample tweet
12/31/2015,Sample tweet
01/01/2016,Sample tweet
01/02/2016,Sample tweet
01/03/2016,Sample tweet
01/04/2016,Sample tweet
01/05/2016,Sample tweet
01/06/2016,Sample tweet
01/07/2016,Sample tweet
01/08/2016,Sample tweet
01/09/2016,Sample tweet
01/10/2016,Sample tweet
01/11/2016,Sample tweet
01/12/2016,Sample tweet
01/13/2016,Sample tweet
01/14/2016,Sample tweet
01/15/2016,Sample tweet
01/15/2016,Sample tweet
01/15/2016,Sample tweet
01/15/2016,Sample tweet
01/15/2016,Sample tweet
01/15/2016,Sample tweet
01/21/2016,Sample tweet
01/22/2016,Sample tweet
01/23/2016,Sample tweet
01/24/2016,Sample tweet
01/25/2016,Sample tweet
01/26/2016,Sample tweet
01/27/2016,Sample tweet
01/28/2016,Sample tweet
01/29/2016,Sample tweet
01/30/2016,Sample tweet
01/31/2016,Sample tweet
02/01/2016,Sample tweet
02/02/2016,Sample tweet
02/03/2016,Sample tweet
02/04/2016,Sample tweet
02/05/2016,Sample tweet
02/06/2016,Sample tweet
02/07/2016,Sample tweet
02/08/2016,Sample tweet
02/09/2016,Sample tweet
02/10/2016,Sample tweet
02/11/2016,Sample tweet
02/12/2016,Sample tweet
02/13/2016,Sample tweet
02/14/2016,Sample tweet
02/15/2016,Sample tweet
02/16/2016,Sample tweet
02/17/2016,Sample tweet
02/18/2016,Sample tweet
02/19/2016,Sample tweet
02/20/2016,Sample tweet
02/21/2016,Sample tweet
02/22/2016,Sample tweet
02/23/2016,Sample tweet
02/24/2016,Sample tweet